S.No.,Company,CMP Rs.,P/E,Mar Cap Rs.Cr.,Div Yld %,ROCE %,ROE %,5Yrs return %,ROE 5Yr %,Profit Var 5Yrs %,CMP / BV,EPS 12M Rs.,PB X PE,Free Cash Flow 5Yrs Rs.Cr.,Sales Var 5Yrs %,Debt / Eq
1.,SPARC,188.20,3.82,6104.70,0.00,164.99,281.12,-8.93,,65.28,4.57,48.79,17.46,-1406.88,49.34,0.42
2.,P & G Hygiene,7495.60,30.76,24326.74,3.06,157.20,114.58,-11.81,83.11,14.44,32.29,243.59,993.24,3572.69,7.40,0.00
3.,Tips Music,652.75,39.00,8369.51,1.99,118.47,87.56,42.25,77.82,36.68,32.10,16.79,1251.90,649.00,32.91,0.02
4.,ICICI AMC,3065.00,43.48,151545.05,0.89,115.10,85.80,,80.08,21.51,36.32,100.95,1579.19,9708.17,21.89,0.00
5.,Colgate-Palmoliv,1825.00,36.26,49631.86,2.63,108.02,82.73,1.18,74.74,5.34,31.33,49.55,1136.03,6859.42,4.51,0.03
6.,Gillette India,7246.20,35.35,23612.62,2.48,90.69,66.50,3.76,44.19,23.20,24.95,205.02,881.98,1930.12,13.04,0.00
7.,Sanofi Consumer,4055.30,34.98,9303.42,1.85,89.93,71.60,,,,26.85,115.50,939.21,,,0.06
8.,Waaree Renewab.,806.20,16.49,8420.11,0.12,85.38,69.12,85.51,69.29,190.31,8.96,48.93,147.75,555.47,237.56,0.12
9.,Nestle India,1356.85,69.65,261510.99,0.88,84.14,73.17,6.34,97.54,10.62,49.28,20.02,3432.35,11149.83,11.64,0.08
10.,P & G Health Ltd,5420.15,27.01,8999.36,2.86,83.88,61.86,-0.29,34.96,5.07,17.15,215.00,463.22,1017.62,0.76,0.02
11.,Timex Group,605.00,68.46,6107.96,0.00,82.85,157.63,65.22,,64.10,81.01,8.50,5545.94,105.77,41.48,0.95
12.,GE Vernova T&D,4252.00,80.69,108946.71,0.24,77.44,57.40,99.90,27.10,85.62,40.47,50.97,3265.52,2756.45,12.45,0.01
13.,Multi Comm. Exc.,3174.00,52.51,80959.12,0.25,71.35,56.26,57.44,27.54,48.68,28.41,60.46,1491.81,4495.19,42.59,0.00
14.,Jeena Sikho,500.25,26.37,6237.03,0.90,70.74,60.01,,48.36,84.51,13.30,19.03,350.72,199.77,42.62,0.27
15.,Hindustan Zinc,561.00,14.02,237204.99,1.96,69.25,76.38,10.86,50.26,12.09,10.54,40.08,147.77,52672.00,12.43,0.39
16.,International Gemological Instit,313.10,22.20,13535.23,0.81,69.25,55.81,,,,9.09,14.11,201.80,,,0.10
17.,Augmont Enterpri,832.25,22.78,7598.55,0.00,68.52,50.93,,47.70,77.20,,39.99,,120.50,35.47,0.02
18.,Siemens Ener.Ind,3028.70,70.71,107944.75,0.13,67.75,50.47,,,,22.42,41.78,1585.32,,,0.04
19.,Esab India,5763.05,42.85,8868.96,1.30,64.68,48.76,20.69,49.26,27.01,20.66,144.15,885.28,606.96,17.23,0.01
20.,Page Industries,34676.95,49.51,38694.65,1.59,64.39,54.29,0.85,48.00,18.30,25.74,677.65,1274.39,2861.36,13.12,0.18
21.,TCS,2250.00,15.15,813626.06,2.84,63.03,51.81,-10.42,49.36,9.45,7.59,137.64,114.99,210582.00,10.22,0.11
22.,Glaxosmi. Pharma,2816.30,45.17,47561.84,2.02,61.41,45.61,12.38,47.63,15.12,21.04,63.05,950.38,5538.36,5.49,0.01
23.,Sigma Advanced System,804.90,91.89,15280.97,0.00,60.82,90.63,108.33,24.24,172.38,30.29,9.08,2783.35,185.79,52.62,0.71
24.,Tenneco Clean,512.90,33.41,20717.23,0.00,60.76,44.41,,,,17.29,14.89,577.66,,,0.04
25.,Castrol India,187.75,17.22,18578.68,4.66,60.27,45.86,5.80,44.84,10.45,9.73,10.74,167.55,4061.58,13.81,0.03
26.,BSE,3310.00,47.68,135009.63,0.30,59.99,46.05,89.13,28.20,69.36,20.23,69.54,964.57,6492.98,52.05,0.00
27.,HBL Engineering,719.80,24.89,19948.35,0.42,59.30,45.34,70.90,26.60,117.77,9.02,28.16,224.51,1003.39,29.35,0.03
28.,Sanofi India,3130.00,21.02,7206.87,2.40,57.51,43.03,-8.72,36.50,-7.38,8.72,140.78,183.29,2045.10,-8.74,0.02
29.,Anand Rathi Wea.,2183.90,78.44,36271.59,0.30,57.47,45.30,,41.12,54.69,35.37,27.85,2774.42,1044.34,35.95,0.08
30.,Ingersoll-Rand,4330.45,49.79,13673.36,1.74,57.11,43.04,35.14,36.69,29.53,22.20,84.74,1105.34,772.84,17.65,0.01
31.,SBI Funds Mgt.,536.50,35.25,109225.64,0.00,56.50,43.02,,36.53,28.88,,15.06,,7944.56,25.13,0.00
32.,Britannia Inds.,4951.00,45.72,119061.94,1.83,56.00,53.52,3.97,55.72,6.32,23.36,108.11,1068.02,9258.81,7.83,0.27
33.,Kanohar Elect.,,38.52,5004.61,,54.32,42.19,,25.51,75.74,,,,73.82,31.30,0.10
34.,Indian Energy Ex,112.00,20.48,9980.83,3.12,51.79,39.40,-11.22,40.44,17.82,7.64,5.47,156.47,1864.65,13.92,0.01
35.,3M India,31750.00,81.27,35832.09,0.51,50.01,29.98,4.66,21.88,29.60,20.23,512.82,1644.09,2000.24,16.03,0.10
36.,Cams Services,717.35,39.25,17807.77,1.74,48.27,36.96,-0.14,41.42,14.85,14.72,18.31,577.76,1658.77,15.95,0.04
37.,Marico,792.00,54.41,102731.58,0.51,47.05,42.82,7.06,39.26,8.56,24.42,14.54,1328.69,6368.00,11.08,0.13
38.,I R C T C,458.55,26.57,36684.00,1.96,46.10,34.43,-9.47,38.44,53.88,8.51,17.41,226.11,3880.09,46.35,0.02
39.,Oracle Fin.Serv.,11700.00,29.86,101913.25,3.42,45.28,32.61,19.68,28.68,8.42,13.02,392.15,388.78,10052.11,9.01,0.00
40.,Atlanta Electric,1660.00,58.55,12781.37,0.00,45.28,31.71,,36.14,96.12,13.74,28.28,804.48,136.84,36.46,0.05
41.,Emmvee Photovol.,328.55,17.85,22740.43,0.00,44.83,51.12,,50.55,158.17,6.16,18.98,109.96,-1280.23,64.11,0.10
42.,Abbott India,26062.80,34.25,55305.31,2.01,44.80,34.35,4.46,33.53,17.49,11.60,759.87,397.30,5194.95,9.96,0.04
43.,Nippon Life Ind.,1153.10,44.98,73624.68,1.86,43.80,34.48,21.19,28.27,17.59,15.79,25.66,710.23,3961.87,15.56,0.02
44.,Lohia Corp,535.50,22.80,5656.53,0.00,43.77,44.59,,,,,18.30,,,,0.34
45.,Manipal Payment,,31.76,7858.17,,43.28,45.14,,,,,,,,,0.19
46.,HDFC AMC,2409.00,34.96,103124.57,2.24,42.88,32.93,7.93,29.78,16.62,11.18,68.86,390.85,8520.29,16.02,0.00
47.,Garden Reach Sh.,2358.80,33.78,27042.81,0.55,42.82,31.60,64.44,24.05,36.07,10.29,69.89,347.60,-175.61,43.75,0.01
48.,Hindustan Copper,492.05,39.36,47596.29,0.58,42.38,32.90,33.29,21.60,55.16,14.21,11.78,559.31,2360.46,11.49,0.03
49.,Travel Food,1227.40,33.91,16138.42,0.84,42.35,35.31,,33.01,53.92,11.20,36.15,379.79,1389.58,59.02,0.17
50.,N S E,,49.42,441787.50,,40.58,28.62,,35.39,,,41.62,,60840.23,,0.01
51.,Infosys,1076.00,14.00,436455.51,4.46,39.95,31.89,-8.75,30.67,9.29,4.80,74.24,67.20,129337.00,12.20,0.10
52.,Glenmark Pharma.,2374.80,21.50,67086.49,0.21,39.77,23.56,34.67,1.74,19.36,6.38,63.71,137.17,-253.02,9.19,0.06
53.,Natl. Aluminium,351.30,9.55,64449.46,3.27,39.59,29.42,29.46,23.14,34.88,2.99,36.76,28.55,12197.20,14.78,0.00
54.,Cummins India,4871.00,55.19,134625.82,1.35,39.50,30.24,36.41,25.77,30.83,15.93,85.40,879.18,5402.32,22.73,0.00
55.,ITC,258.00,16.34,322771.52,5.62,38.91,29.32,3.59,32.18,9.62,4.46,15.84,72.88,75530.14,9.87,0.03
56.,Motherson Wiring,35.06,37.06,23250.60,1.65,38.86,32.36,,40.75,9.55,10.76,0.95,398.77,1860.10,23.86,0.11
57.,Waaree Energies,2555.00,18.24,73424.99,0.16,38.78,32.83,,31.62,143.12,5.09,132.67,92.84,-1454.54,68.52,0.22
58.,Hyundai Motor I,2140.00,35.11,173803.85,0.98,38.40,29.89,,30.34,23.58,8.69,60.93,305.11,16341.55,11.55,0.05
59.,Solar Industries,19250.00,87.40,174056.70,0.06,38.08,32.64,57.87,31.80,44.60,27.75,220.07,2425.35,1452.02,31.36,0.24
60.,Central Mine Pla,203.74,22.25,14549.06,0.52,38.06,28.35,,31.80,14.11,6.37,8.59,141.73,2001.78,9.25,0.00
61.,Lalithaa Jewel,321.70,18.85,18011.18,0.00,37.98,40.20,,26.70,43.72,,20.18,,56.56,28.15,0.68
62.,Prudent Corp.,3251.50,54.68,13399.65,0.11,37.48,28.65,,33.39,37.45,15.25,59.18,833.87,706.11,35.38,0.04
63.,Netweb Technol.,4614.00,105.24,27429.64,0.07,37.48,32.79,,31.69,90.30,36.32,45.87,3822.32,756.81,72.54,0.39
64.,Billionbrains,197.59,50.82,123984.76,0.00,37.32,28.81,,25.10,,12.84,3.94,652.53,47.27,,0.03
65.,Gokul Agro,218.69,15.36,6457.81,0.00,36.69,30.05,61.09,26.44,53.33,4.54,14.25,69.73,284.38,23.53,0.41
66.,Bharat Electron,381.00,45.18,277712.74,0.65,36.44,27.45,41.08,25.84,23.52,11.61,8.41,524.54,8402.04,14.37,0.00
67.,Force Motors,17250.00,20.66,22729.05,0.29,36.05,26.09,62.66,12.95,62.41,5.42,950.08,111.98,2710.84,35.43,0.00
68.,Mazagon Dock,2236.00,31.61,90330.93,0.81,35.98,29.17,77.03,29.49,33.49,9.25,70.85,292.39,16.80,26.30,0.05
69.,Tata Motors,427.15,21.19,157382.78,0.94,35.90,34.02,,,,12.35,,261.70,,,0.44
70.,Manorama Indust.,1987.10,47.29,12495.94,0.04,35.41,40.25,44.21,24.58,74.04,17.07,44.25,807.24,-162.00,46.29,0.51
71.,Thyrocare Tech.,544.45,48.07,8687.88,1.71,35.38,28.40,5.08,20.47,8.37,14.80,11.08,711.44,637.23,10.88,0.09
72.,Sedemac Mechatro,2950.70,110.88,13038.55,0.00,35.31,26.93,,17.77,69.38,29.01,23.45,3216.63,-66.07,34.52,0.16
73.,Hero Motocorp,5181.00,18.71,103623.70,3.57,35.22,28.10,12.08,21.22,15.51,4.79,272.33,89.62,18433.01,8.90,0.04
74.,Life Insurance,391.50,8.25,495738.02,2.55,35.14,37.82,,51.94,80.80,2.80,47.49,23.10,38316.30,7.19,0.00
75.,Fujiyama Power,421.90,31.05,12980.07,0.00,35.14,36.63,,33.57,72.96,10.15,9.80,315.16,-726.61,45.65,0.41
76.,Coal India,419.00,8.30,258703.69,6.32,34.97,28.16,20.90,41.80,19.61,2.17,50.63,18.01,97727.97,13.34,0.12
77.,C P C L,1470.95,5.25,21892.98,4.21,34.94,31.85,66.26,33.29,64.26,1.97,280.30,10.34,10461.78,23.23,0.18
78.,Ajanta Pharma,3504.10,38.51,43705.87,0.91,34.51,27.14,19.05,23.41,11.62,9.67,90.84,372.39,2705.53,13.54,0.06
79.,Sharda Motor,933.15,15.98,5356.43,2.14,34.47,25.25,24.62,28.50,36.44,4.08,57.83,65.20,764.31,14.36,0.04
80.,eClerx Services,1894.85,24.47,17837.16,0.05,34.42,28.36,19.56,26.26,20.97,6.96,77.23,170.31,2542.67,21.35,0.15
81.,Persistent Systems,5475.00,43.23,86033.57,0.73,34.36,27.24,24.28,24.99,35.85,11.01,122.17,475.96,4470.66,28.63,0.06
82.,Suzlon Energy,42.85,18.57,58374.70,0.00,34.15,39.67,48.35,,45.17,6.16,2.31,114.39,2905.67,37.98,0.06
83.,Triveni Turbine,547.00,50.14,17405.85,0.78,34.12,25.23,31.60,24.46,25.08,12.02,10.58,602.68,999.01,25.43,0.02
84.,TD Power Systems,731.00,83.06,22842.01,0.14,34.02,24.72,86.70,19.96,43.39,21.31,8.80,1770.01,110.94,25.61,0.02
85.,Cupid,284.25,278.16,38221.98,0.00,33.88,27.64,160.96,19.20,31.27,84.78,1.02,23582.40,5.48,20.09,0.13
86.,Transrail Light,404.90,13.01,5433.38,0.74,33.56,19.98,,19.50,33.29,2.38,30.17,30.96,615.14,25.93,0.30
87.,Inox India,1992.80,70.36,18094.20,0.10,33.48,26.13,,28.90,22.03,16.18,28.08,1138.42,224.32,21.73,0.07
88.,Premier Energies,945.00,25.75,42883.01,0.11,33.32,42.35,,40.36,132.73,9.94,36.73,255.96,-1781.63,61.99,0.86
89.,Corona Remedies,2217.90,64.06,13563.49,0.45,33.29,29.53,,22.25,23.33,18.18,32.46,1164.61,98.93,19.49,0.22
90.,Kennametal India,4234.10,47.49,9307.80,0.95,33.21,24.48,24.25,16.65,24.21,10.90,89.18,517.64,219.40,13.24,0.00
91.,Polycab India,8143.50,42.80,122581.83,0.58,33.21,23.05,27.23,21.45,23.68,10.21,190.23,436.99,4591.93,26.86,0.02
92.,The Bombay Burmah,1416.90,7.98,9888.76,1.20,32.98,18.66,3.64,-5.56,26.22,1.40,184.91,11.17,8714.64,7.84,0.23
93.,Prec. Wires (I),440.10,46.01,8034.08,0.28,32.94,22.80,66.71,17.90,31.38,10.42,9.58,479.42,150.47,25.78,0.38
94.,Cemindia Project,1205.50,34.43,20712.32,0.25,32.76,27.80,71.13,18.99,112.23,8.63,35.02,297.13,966.81,29.83,0.42
95.,CRISIL,4590.60,37.99,33596.09,0.54,32.55,24.46,10.27,28.27,14.40,10.27,120.92,390.16,2851.24,12.99,0.10
96.,LG Electronics,1629.60,60.60,110578.97,0.00,32.27,24.69,,29.60,1.95,14.43,26.88,874.46,4979.11,10.28,0.06
97.,Aditya AMC,1037.90,30.01,30300.06,2.46,32.23,25.15,,27.32,13.17,7.42,34.87,222.67,3064.77,11.34,0.02
98.,C D S L,1311.00,58.14,27399.90,0.97,31.98,24.53,13.65,28.61,17.90,13.98,22.55,812.80,1349.07,27.21,0.00
99.,Hind.Aeronautics,4695.00,33.73,314390.46,0.96,31.97,23.97,45.66,26.61,22.99,7.65,139.38,258.03,42532.46,7.78,0.00
100.,Apar Inds.,16562.10,57.55,69364.65,0.36,31.81,20.26,89.88,22.42,44.46,12.34,294.12,710.17,972.27,29.09,0.18
101.,APL Apollo Tubes,2115.85,47.81,58762.00,0.40,31.75,25.41,17.26,23.42,27.37,11.09,44.27,530.21,2378.70,22.11,0.09
102.,Action Const.Eq.,1125.65,30.67,13399.85,0.18,31.63,22.81,32.77,24.38,40.38,6.66,36.69,204.26,1102.20,21.73,0.00
103.,Acutaas Chemical,3266.20,69.37,26791.02,0.08,31.56,24.04,38.48,18.21,45.77,16.17,47.17,1121.71,-343.85,31.50,0.02
104.,Quality Power El,1355.20,78.82,10506.27,0.07,31.53,25.11,,23.59,,19.36,17.21,1525.96,49.19,,0.07
105.,Inventurus Knowl,1783.00,40.18,30684.23,0.00,31.51,31.42,,35.59,34.23,10.93,44.50,439.17,1569.09,42.03,0.27
106.,Pidilite Inds.,1522.00,58.47,154866.93,0.76,31.02,23.92,4.85,22.07,16.69,14.30,26.03,836.12,7890.16,14.89,0.04
107.,Banco Products,588.35,17.44,8403.30,3.91,30.91,30.23,40.99,26.55,31.73,5.00,34.57,87.20,600.01,20.52,0.36
108.,SML Mahindra,6261.55,57.86,9049.33,0.38,30.90,35.40,61.72,22.08,26.15,17.45,108.08,1009.66,126.12,36.86,0.56
109.,Sonata Software,279.80,15.51,7846.29,2.83,30.67,28.25,-2.74,31.37,16.10,4.12,16.52,63.90,1950.51,20.41,0.38
110.,Vikram Solar,163.46,16.43,5925.18,0.00,30.56,21.37,,15.51,65.32,1.87,9.85,30.72,785.61,24.43,0.19
111.,Eicher Motors,7453.00,35.13,204329.68,1.10,30.53,23.96,21.11,22.18,32.76,8.14,210.41,285.96,12436.38,21.83,0.02
112.,Engineers India,262.35,18.78,14731.48,1.91,30.40,23.37,28.95,19.48,15.36,4.69,13.95,88.08,391.66,4.55,0.01
113.,HCL Technologies,1255.00,18.77,340311.03,4.31,30.40,23.81,-0.15,23.44,9.42,4.53,64.20,85.03,93096.00,11.54,0.07
114.,Anthem Bioscienc,942.85,89.39,53038.26,0.21,30.37,22.28,,23.40,17.48,17.41,10.25,1556.28,911.96,14.00,0.02
115.,Kirl.Pneumatic,698.15,33.21,9072.07,0.86,30.30,22.73,29.66,18.34,33.53,7.25,20.36,240.77,431.53,16.40,0.00
116.,Raghav Product.,1622.40,118.91,7454.22,0.06,30.30,24.27,52.29,21.05,42.21,30.46,13.65,3622.00,20.41,31.82,0.02
117.,Godfrey Phillips,1915.00,21.83,29855.02,2.61,30.25,23.38,40.46,19.22,34.38,4.81,87.71,105.00,1495.19,20.41,0.04
118.,Sharda Cropchem,753.40,10.85,6792.78,1.99,30.25,23.17,18.11,14.73,23.83,2.17,69.40,23.54,555.92,17.07,0.00
119.,ESDS Software,1824.70,181.01,21687.18,0.00,30.19,24.93,,11.76,84.27,,11.98,,1300.91,22.39,0.18
120.,Shaily Engineer.,3186.65,82.42,14655.74,0.09,30.17,28.16,51.30,15.83,48.94,22.54,38.68,1857.75,-23.53,20.63,0.27
121.,Hexaware Tech.,517.00,22.30,31580.00,2.22,30.07,24.86,,23.08,18.49,4.71,22.01,105.03,6357.56,16.49,0.10
122.,Bajaj Consumer,501.00,29.37,6549.64,0.00,30.05,24.66,14.52,19.51,-3.53,8.67,17.08,254.64,547.76,4.79,0.02
123.,Tata Elxsi,3435.00,30.34,21389.38,2.18,30.00,23.58,-7.77,31.81,13.75,7.04,105.09,213.59,2902.68,15.52,0.05
124.,A B B,7009.10,96.44,148628.82,0.56,29.93,22.39,29.71,21.60,57.13,15.90,141.00,1533.40,4374.78,17.80,0.02
125.,Lupin,2055.35,15.78,93939.30,0.87,29.93,28.68,16.34,13.00,37.02,4.18,120.98,65.96,9511.40,13.02,0.29
126.,I T D C,647.00,67.08,5552.90,0.45,29.92,21.04,11.05,17.67,33.57,13.13,9.60,880.76,84.53,24.64,0.00
127.,SKF India Indus.,2833.80,36.46,14017.50,0.71,29.89,26.65,,,,9.49,76956.46,346.01,,,0.00
128.,Schneider Elect.,1193.00,147.14,28508.37,0.00,29.65,38.22,58.76,,80.10,41.35,7.69,6084.24,643.05,17.38,0.92
129.,LTM,4346.60,22.84,128145.56,1.73,29.60,23.13,-5.18,25.70,22.79,5.36,176.40,122.42,16696.10,27.88,0.10
130.,Hitachi Energy,30790.00,115.29,137323.94,0.03,29.36,21.91,66.82,16.87,53.68,26.51,258.09,3056.34,1963.45,18.96,0.02
131.,Fiem Industries,1934.00,19.36,5091.37,2.06,29.34,22.60,28.40,20.24,39.11,4.19,99.91,81.12,364.55,18.18,0.05
132.,BLS Internat.,228.51,13.33,9405.85,1.09,29.34,32.74,25.21,31.48,68.82,3.82,17.14,50.92,2015.70,44.35,0.17
133.,NBCC,80.60,31.74,21722.69,1.24,29.32,20.40,22.02,21.79,20.13,7.21,2.75,228.85,382.65,13.14,0.00
134.,Astrazeneca Phar,6621.00,95.12,16501.64,0.55,29.26,23.29,16.29,21.60,15.84,18.97,67.85,1804.43,211.04,22.84,0.13
135.,Dixon Technolog.,13180.00,42.72,80186.81,0.08,29.21,18.90,25.39,22.06,35.38,17.14,308.83,732.22,1125.20,49.94,0.21
136.,KFin Technolog.,884.80,43.70,15311.89,1.36,29.19,21.61,,24.27,48.28,9.12,19.81,398.54,1115.17,22.02,0.03
137.,Bayer Crop Sci.,3940.75,24.16,17684.30,3.81,29.14,23.70,-6.40,23.95,7.24,5.97,162.90,144.24,2853.50,5.90,0.03
138.,Jyothy Labs,192.45,24.89,7069.22,1.82,28.66,21.70,1.65,25.97,8.93,4.45,7.73,110.76,1539.58,9.33,0.03
139.,SJS Enterprises,2311.70,39.04,7439.80,0.15,28.58,21.98,,18.60,,8.52,66.00,332.62,450.51,,0.03
140.,Aditya Infotech,3663.40,90.69,43285.57,0.04,28.56,25.41,,24.67,65.82,22.99,40.56,2084.96,-219.89,29.72,0.14
141.,Hind. Unilever,1940.00,41.18,454170.90,2.12,28.42,31.03,-6.06,22.15,13.26,9.35,63.66,385.03,51278.00,6.51,0.03
142.,Rubicon Research,1815.60,104.11,30005.75,0.08,28.35,26.96,,16.44,51.95,23.26,17.68,2421.60,-203.81,41.00,0.24
143.,Trent,2731.00,79.58,145521.89,0.15,28.34,27.74,32.68,23.75,68.68,20.85,33.93,1659.24,2905.05,50.58,0.37
144.,Bajaj Auto,11420.00,26.61,313664.82,1.31,28.24,29.15,24.54,23.85,17.32,8.22,420.80,218.73,13442.61,17.79,0.58
145.,Sudeep Pharma,1142.70,70.80,12930.29,0.13,28.18,25.17,,32.21,39.04,14.61,16.83,1034.39,-125.74,24.45,0.17
146.,R R Kabel,2381.30,44.04,26932.15,0.40,28.10,21.33,,18.61,30.54,10.46,53.72,460.66,667.35,28.98,0.13
147.,Emami,374.00,21.55,16320.61,2.68,28.09,26.17,-8.85,30.68,11.16,5.58,17.14,120.25,3255.16,5.58,0.06
148.,Guj Pipavav Port,161.90,14.35,7808.50,6.42,28.06,20.77,9.18,15.71,17.23,3.27,11.56,46.92,1631.81,9.57,0.02
149.,Indiamart Inter.,1659.50,20.19,9962.24,1.81,28.04,20.70,-17.62,19.45,11.22,4.15,82.10,83.79,2705.43,18.57,0.01
150.,Dr Lal Pathlabs,1906.40,56.90,31992.00,0.73,28.00,22.30,-1.41,21.47,12.33,12.74,32.33,724.91,1841.40,11.81,0.08
151.,Seshaasai Tech.,360.20,21.75,5845.60,0.69,27.98,23.57,,33.70,84.53,4.08,16.61,88.74,209.69,31.29,0.06
152.,Schaeffler India,3909.90,47.36,61140.25,0.89,27.90,20.80,22.20,20.12,32.73,9.76,82.60,462.23,1967.06,20.09,0.01
153.,NMDC,80.69,9.50,70898.16,3.10,27.58,23.37,15.45,26.45,3.53,2.08,8.48,19.76,12370.11,15.85,0.19
154.,Jamna Auto Inds.,129.55,21.46,5187.93,1.93,27.47,22.37,6.96,22.17,26.68,4.52,5.85,97.00,539.78,19.33,0.01
155.,Gulf Oil Lubric.,1057.30,13.19,5240.00,4.82,27.23,24.06,11.64,23.48,12.80,3.35,77.28,44.19,1241.40,19.29,0.33
156.,Nazara Technolo.,357.40,,13687.30,0.00,27.10,30.61,5.74,12.55,155.22,3.81,-1.42,,68.33,32.13,0.06
157.,Sky Gold & Diam.,789.40,36.49,12225.01,0.00,27.02,29.25,143.35,26.48,,10.20,21.63,372.20,-623.19,,0.73
158.,ASM Technologies,6502.85,129.85,9485.49,0.25,26.95,25.47,94.20,16.46,49.12,30.89,49.37,4011.07,-71.14,30.92,0.42
159.,CG Power & Ind,858.00,106.10,135025.07,0.15,26.71,20.48,57.33,37.93,69.51,16.95,7.94,1798.40,2501.69,33.18,0.01
160.,L&T Technology,3312.20,26.16,35163.71,1.75,26.71,21.53,-6.27,23.45,15.78,5.42,124.51,141.79,5893.60,15.07,0.09
161.,Borosil Renew.,462.55,16.94,6803.87,0.00,26.62,27.74,8.10,13.48,32.05,4.30,27.33,72.84,-115.53,24.95,0.11
162.,Stylam Industrie,3263.55,32.61,5523.95,0.00,26.58,19.88,22.75,22.48,21.38,6.85,99.93,223.38,125.52,18.69,0.04
163.,Shivalik Bimetal,1017.60,54.84,5844.87,0.39,26.57,21.82,44.19,25.86,30.68,12.18,18.42,667.95,137.70,22.89,0.15
164.,Neuland Labs.,22683.45,58.47,29101.12,0.15,26.47,21.25,68.73,17.83,38.52,15.53,387.97,908.04,317.06,16.64,0.16
165.,United Spirits,1366.75,53.56,99254.14,1.24,26.39,21.43,13.02,20.22,34.51,11.10,25.90,594.52,5742.80,8.92,0.05
166.,Shreeji Ship. Gl,684.00,69.90,11169.44,0.15,26.35,27.46,,39.38,,14.49,9.81,1012.85,,,0.36
167.,Asian Paints,2408.00,47.41,231208.61,1.14,26.34,21.79,-6.39,24.75,7.28,10.80,49.68,512.03,15069.81,10.38,0.18
168.,Tanla Platforms,491.40,12.23,6518.94,2.45,26.32,21.41,-10.12,29.09,7.50,2.61,40.18,31.92,1940.83,13.54,0.02
169.,KPIT Technologi.,563.00,24.70,15427.33,1.33,26.26,20.93,11.60,26.24,36.77,4.36,21.25,107.69,3906.58,25.96,0.24
170.,Blue Jet Health,550.65,44.40,10430.72,0.22,26.07,19.35,,26.01,11.46,7.02,13.54,311.69,356.24,13.68,0.03
171.,Jain Resource,274.70,26.02,9479.50,0.00,25.66,30.42,,,,6.07,10.44,157.94,,,0.82
172.,B P C L,299.00,8.37,129721.31,5.85,25.64,28.75,6.35,23.73,15.61,1.29,39.49,10.80,83044.14,14.61,0.54
173.,Gabriel India,1297.50,63.87,23011.83,0.38,25.61,20.20,54.64,,,13.62,22.90,869.91,,,0.11
174.,Shanthi Gears,682.85,77.41,5210.84,0.74,25.55,19.00,31.67,22.21,31.95,11.90,8.32,921.18,179.81,19.20,0.00
175.,Centum Electron,4002.85,67.29,5882.70,0.12,25.53,-12.54,50.78,1.68,,17.20,33.36,1157.39,275.58,3.11,0.36
176.,Thangamayil Jew.,4916.40,38.83,15253.04,0.37,25.49,28.07,55.40,22.54,32.49,10.79,125.81,418.98,-55.84,36.12,0.64
177.,ASK Automotive,604.70,37.71,11930.76,0.31,25.42,25.13,,22.49,24.68,9.09,16.05,342.78,-73.67,22.02,0.52
178.,Chambal Fert.,416.45,8.65,16667.26,2.64,25.17,19.95,5.42,19.32,6.11,1.60,48.12,13.84,5645.33,10.33,0.10
179.,Supriya Lifesci.,874.95,35.35,7025.49,0.11,25.17,19.06,,19.63,11.10,5.88,24.65,207.86,-51.84,16.17,0.00
180.,Newgen Software,499.35,20.78,7121.92,1.20,25.01,19.59,10.58,21.19,20.77,4.00,22.06,83.12,932.69,18.54,0.02
181.,Indo-MIM,975.65,74.68,48210.89,0.00,24.98,23.43,,24.93,1.24,,11.02,,1249.55,16.25,0.49
182.,Havells India,1087.20,40.81,67995.94,0.92,24.90,19.03,-5.64,18.78,10.75,7.21,26.04,294.24,3570.40,16.59,0.03
183.,Hind.Construct.,21.30,41.19,5577.01,0.00,24.85,11.89,21.30,,20.23,2.63,0.63,108.33,1837.90,-13.61,0.48
184.,KSB,793.00,52.75,13822.79,0.56,24.70,18.39,26.81,17.35,25.25,8.13,14.11,428.86,94.38,17.41,0.00
185.,Pricol Ltd,740.75,33.67,9021.27,0.27,24.50,21.84,50.94,17.96,39.54,7.19,21.98,242.09,325.60,23.38,0.30
186.,Redtape,120.87,27.11,6681.79,1.65,24.48,26.65,,25.87,,6.54,4.46,177.30,-57.58,,0.70
187.,Avanti Feeds,773.80,19.59,10536.75,1.30,24.38,18.29,6.59,15.96,11.53,3.21,38.98,62.88,1017.95,8.15,0.00
188.,Dhoot Transmission,1555.90,71.11,31850.50,0.00,24.36,24.01,,,65.07,,21.05,,,29.43,0.38
189.,DOMS Industries,2120.40,59.12,12852.91,0.17,24.32,20.69,,22.23,90.71,10.55,35.82,623.72,15.68,41.87,0.12
190.,Caplin Point Lab,2579.90,29.48,19611.32,0.31,24.24,20.87,23.57,23.31,21.36,5.82,87.53,171.57,1011.98,15.56,0.07
191.,Sandur Manganese,182.00,11.93,8847.11,0.27,24.23,23.03,39.45,,,2.72,14.75,32.45,2541.90,,0.31
192.,Radico Khaitan,4345.00,81.93,58230.68,0.21,24.15,20.26,36.89,14.23,17.28,17.55,52.54,1437.87,253.33,20.52,0.15
193.,Pfizer,4072.00,24.21,18619.99,1.85,24.06,18.02,-7.63,17.87,8.80,4.43,160.70,107.25,2963.54,2.39,0.02
194.,Emcure Pharma,1993.00,36.74,37848.18,0.18,24.02,20.11,,21.20,17.53,7.63,53.34,280.33,2370.51,12.83,0.31
195.,Quess Corp,342.10,19.66,5081.29,2.34,24.00,21.33,-5.95,11.26,38.81,4.38,16.92,86.11,1869.17,7.15,0.11
196.,Tanfac Inds.,3471.00,111.01,7509.01,0.13,23.90,20.33,59.99,28.76,32.15,18.56,33.36,2060.35,-47.21,36.90,0.25
197.,Ajax Engineering,581.60,28.93,6658.11,0.00,23.86,17.85,,21.20,18.92,4.78,19.92,138.29,794.61,23.17,0.00
198.,Alivus Life,1347.80,26.65,16566.84,0.37,23.79,17.88,13.95,20.96,9.32,4.96,49.14,132.18,1379.25,6.24,0.02
199.,Shakti Pumps,475.55,27.65,5869.97,0.21,23.64,17.99,31.03,23.92,27.81,3.44,17.21,95.12,-129.08,23.75,0.30
200.,Skipper,534.15,26.59,6031.45,0.02,23.52,16.29,44.98,10.70,60.24,4.09,19.41,108.75,104.92,28.55,0.63
201.,Volt.Transform.,10483.00,33.44,10602.75,0.95,23.50,17.35,49.44,19.51,26.22,5.92,313.38,197.96,580.32,25.48,0.00
202.,Coforge,1774.00,40.97,78546.03,0.68,23.50,21.41,10.19,21.55,29.40,6.24,48.65,255.65,3935.00,28.60,0.08
203.,Sumitomo Chemi.,451.95,39.44,22530.51,0.29,23.48,17.65,1.87,19.53,9.93,6.67,11.62,263.06,1911.39,3.81,0.02
204.,Karamtara Engg.,,35.63,8174.30,,23.41,20.83,,16.23,85.35,,7.83,,-234.28,32.75,0.91
205.,Kajaria Ceramics,1211.70,33.04,19050.34,1.15,23.38,17.88,0.56,16.01,10.70,6.30,34.27,208.15,1441.16,11.68,0.07
206.,T R I L,277.90,32.30,8353.19,0.09,23.31,19.12,79.90,16.45,105.87,5.51,8.61,177.97,-265.56,27.57,0.30
207.,Kingfa Science,5751.00,34.53,7793.08,0.35,23.20,17.41,40.23,19.36,103.41,5.57,166.53,192.33,1.48,26.05,0.01
208.,Tech Mahindra,1575.90,29.06,154609.77,3.24,23.12,17.53,1.70,15.72,2.44,5.21,52.41,151.40,25620.20,8.46,0.07
209.,Rites,206.53,23.79,9928.29,3.85,23.05,15.42,7.91,17.91,-0.91,3.70,8.68,88.02,1658.47,4.86,0.00
210.,Welspun Corp,2413.85,27.58,63683.43,0.21,22.89,19.42,81.10,15.42,20.91,6.95,87.55,191.68,435.31,18.58,0.26
211.,Railtel Corpn.,252.40,21.87,8102.04,1.29,22.85,17.08,14.02,14.78,20.99,3.58,10.78,78.29,570.23,26.18,0.03
212.,Vedant Fashions,566.65,35.66,13758.91,1.37,22.79,18.83,,24.91,22.65,7.01,15.88,249.98,2157.85,21.49,0.23
213.,Zensar Tech.,441.20,12.63,10043.22,3.40,22.75,17.32,-3.88,16.37,18.18,2.12,34.14,26.78,2835.20,8.51,0.02
214.,JSW Dulux,3177.65,37.68,14467.44,1.58,22.73,19.10,7.35,25.94,11.51,5.90,430.94,222.31,-22.00,8.25,0.03
215.,Balu Forge,498.20,22.58,6049.44,0.03,22.72,19.56,13.79,22.34,102.41,3.79,22.75,85.58,-669.86,50.78,0.10
216.,Kovai Medical,6018.00,25.69,6583.38,0.25,22.55,20.46,28.97,20.34,25.98,4.99,234.25,128.19,597.90,18.09,0.31
217.,Petronet LNG,283.00,10.10,42479.58,3.53,22.55,18.30,4.05,21.82,5.59,1.90,28.05,19.19,14069.68,10.82,0.11
218.,Privi Speci.,3467.00,38.73,13545.51,0.29,22.30,26.01,12.32,15.22,26.79,9.60,89.47,371.81,30.30,14.96,0.72
219.,H P C L,345.15,44.07,73651.03,7.02,22.24,30.94,12.89,18.34,11.03,1.12,7.85,49.36,37855.43,13.63,0.85
220.,N S D L,795.45,40.97,15909.00,0.50,22.13,16.00,,17.03,13.26,6.71,19.42,274.91,1358.34,26.85,0.01
221.,Himadri Special,636.65,40.20,32126.13,0.13,22.12,17.77,68.15,14.20,73.67,6.82,15.91,274.16,850.93,22.65,0.16
222.,Mphasis,2380.00,23.47,45448.34,2.61,22.09,18.53,-5.62,19.51,9.19,4.22,100.21,99.04,7817.58,10.31,0.24
223.,Elgi Equipments,612.05,41.75,19371.33,0.44,22.07,19.00,23.62,20.17,30.67,8.69,14.13,362.81,1042.46,15.48,0.24
224.,Coromandel Inter,1934.85,30.57,57090.13,0.57,22.05,16.41,18.40,20.28,7.80,4.55,62.11,139.09,4785.20,17.29,0.12
225.,Bikaji Foods,541.60,48.93,13573.69,0.23,21.99,17.85,,17.51,25.24,8.11,10.79,396.82,437.92,16.58,0.13
226.,Garware Tech.,785.00,34.72,7651.46,1.15,21.98,16.11,3.01,17.77,6.18,5.76,21.28,199.99,646.40,8.12,0.03
227.,Divi's Lab.,9190.00,81.85,243860.99,0.33,21.97,16.53,12.23,16.96,5.71,14.56,110.18,1191.74,3879.32,8.67,0.00
228.,Vadilal Inds.,7050.00,23.18,5076.35,0.61,21.96,19.62,45.64,23.68,101.72,5.96,304.72,138.15,206.80,26.54,0.27
229.,Data Pattern,4358.80,90.22,24383.61,0.23,21.92,15.24,,15.38,34.78,14.06,47.86,1268.49,-180.73,32.79,0.00
230.,ICICI Lombard,1427.70,29.39,71367.41,0.95,21.88,16.58,-2.45,16.90,11.85,4.19,48.74,123.14,8422.08,17.29,0.00
231.,Power Mech Proj.,2336.40,18.86,7380.27,0.06,21.70,15.39,39.64,15.99,58.07,2.93,123.75,55.26,283.26,26.33,0.26
232.,Black Box,745.15,46.32,13233.80,0.13,21.56,25.66,24.26,32.41,12.71,10.28,12.99,476.17,94.24,6.23,0.90
233.,Berger Paints,447.00,42.41,52086.22,0.89,21.55,17.31,-8.44,20.47,9.62,7.54,10.43,319.77,3240.43,11.75,0.09
234.,Bosch,47101.60,58.79,138920.58,0.57,21.54,14.57,25.24,14.34,16.50,9.36,801.24,550.27,5288.90,15.57,0.01
235.,Fine Organic,5153.50,36.11,15819.29,0.21,21.47,16.46,9.64,25.06,27.68,5.93,142.89,214.13,1323.95,15.86,0.03
236.,KSH Internationa,1058.85,54.83,7176.76,0.00,21.46,20.13,,19.86,50.28,8.88,19.98,486.89,-418.68,45.90,0.40
237.,Siemens,3771.00,89.24,134160.81,0.48,21.44,19.22,24.48,15.68,29.56,9.70,91.98,865.63,3968.30,20.09,0.02
238.,Bharti Hexacom,1505.50,40.77,75350.59,1.20,21.37,25.95,,17.23,34.50,10.51,36.48,428.49,11722.50,15.24,0.86
239.,Vinati Organics,1260.00,26.18,13050.78,0.67,21.36,16.20,-7.86,16.99,12.61,4.07,48.09,106.55,1084.90,18.48,0.00
240.,Vesuvius India,404.40,31.97,8189.90,0.37,21.34,15.02,27.88,15.17,34.38,4.69,12.62,149.94,10.86,21.60,0.01
241.,Va Tech Wabag,2111.25,33.12,13199.33,0.24,21.33,15.89,43.62,11.83,27.73,5.12,63.38,169.57,767.70,6.83,0.09
242.,Jyoti CNC Auto.,961.45,67.76,21800.30,0.00,21.32,18.22,,17.46,44.74,10.93,14.15,740.62,-840.58,31.51,0.43
243.,Blue Star,1486.80,57.70,30531.61,0.57,21.24,17.20,28.12,19.71,49.55,8.91,24.77,514.11,-97.38,23.81,0.24
244.,Alkem Lab,5161.00,27.14,61683.24,1.03,21.24,18.89,5.90,18.22,9.40,4.47,180.44,121.32,6751.23,10.66,0.15
245.,Campus Activewe.,212.90,42.24,6506.71,0.70,21.22,18.00,,19.56,41.04,7.18,5.04,303.28,486.84,20.06,0.26
246.,Elantas Beck,13300.00,59.34,10537.75,0.06,21.21,15.73,29.07,16.74,19.08,9.55,223.99,566.70,259.28,17.22,0.00
247.,Grindwell Norton,1827.40,46.43,20254.46,1.04,21.18,16.17,4.61,17.98,11.76,7.99,39.41,370.98,1127.92,13.41,0.02
248.,Birlasoft Ltd,286.50,13.43,8012.46,2.27,21.15,14.06,-7.50,16.63,10.73,1.95,20.52,26.19,2404.26,8.35,0.03
249.,Kalyan Jewellers,604.20,42.68,62450.75,0.41,21.15,24.85,52.75,16.60,195.24,9.89,13.90,422.11,3770.63,33.05,0.97
250.,Sri Lotus,213.54,40.94,10520.16,0.23,21.15,16.68,,28.58,,5.46,5.26,223.53,-324.92,,0.07
251.,Zydus Lifesci.,1099.00,22.51,109586.50,0.09,21.14,21.25,14.25,21.01,18.77,4.08,44.93,91.84,9700.70,12.45,0.46
252.,AIA Engineering,3914.60,28.82,36564.21,0.41,21.12,16.99,13.21,16.99,18.64,4.55,135.69,131.13,2722.15,8.93,0.00
253.,IIFL Capital,336.50,18.62,10618.30,0.89,21.07,16.20,29.07,24.45,15.96,3.42,18.29,63.68,-127.64,24.44,0.59
254.,Olectra Greentec,1180.70,54.59,9684.87,0.05,21.05,15.59,24.72,10.89,85.41,7.89,21.62,430.72,-48.93,52.39,0.31
255.,Navin Fluo.Intl.,8239.55,53.17,42292.82,0.18,20.96,19.64,15.35,14.96,21.40,10.62,154.05,564.67,-839.79,22.95,0.32
256.,P N Gadgil Jewe.,611.60,20.07,8998.51,0.00,20.92,23.45,,24.67,273.14,4.23,32.85,84.90,-1809.42,41.37,0.89
257.,Tata Technolog.,759.30,47.40,30847.71,1.10,20.90,16.34,,20.07,20.78,7.86,13.72,372.56,1850.23,18.25,0.24
258.,Elecon Engg.Co,413.35,30.68,9275.57,0.48,20.86,16.43,35.98,19.92,43.68,4.02,10.52,123.33,1390.57,17.77,0.12
259.,SPR Auto Technologies,4275.40,34.02,19841.29,0.23,20.78,21.36,55.26,21.44,45.08,6.49,127.95,220.79,1474.90,22.80,0.68
260.,Supreme Inds.,3292.20,40.47,41787.50,1.09,20.73,15.77,7.46,19.83,-0.89,6.78,81.27,274.39,1871.37,12.04,0.01
261.,Jayaswal Neco,87.75,14.89,8512.94,0.00,20.69,18.05,34.08,17.75,23.24,3.00,5.81,44.67,4400.10,14.02,0.74
262.,Clean Science,820.30,37.40,8711.76,0.73,20.68,15.32,-15.88,23.07,2.96,5.50,21.92,205.70,240.30,13.30,0.00
263.,EIH,283.30,24.40,17710.38,0.53,20.67,14.48,20.92,12.23,31.68,3.36,11.38,81.98,1632.91,42.89,0.05
264.,Godawari Power,237.30,19.49,15972.69,0.42,20.53,15.33,28.50,23.11,5.18,2.74,12.02,53.40,2303.57,6.36,0.08
265.,Sun Pharma.Inds.,1835.00,34.81,439799.92,0.87,20.53,15.95,18.63,16.09,16.75,5.27,50.41,183.45,41319.33,11.78,0.06
266.,Vijaya Diagnost.,1443.70,79.29,14866.81,0.14,20.53,18.34,17.52,19.07,13.83,15.52,18.24,1230.58,398.32,16.66,0.44
267.,Kirl. Brothers,1745.00,34.21,13849.09,0.41,20.35,17.30,36.31,17.98,19.79,5.62,47.02,192.26,1019.08,10.81,0.10
268.,GNG Electronics,671.45,53.48,7617.75,0.00,20.30,26.83,,31.10,77.51,10.10,12.49,540.15,-167.98,40.59,0.57
269.,Astra Microwave,1601.50,80.56,15229.46,0.15,20.28,15.99,54.46,13.41,46.22,11.57,19.91,932.08,-66.01,12.65,0.22
270.,Dabur India,385.00,34.38,68206.64,2.14,20.28,17.00,-9.68,18.89,2.21,5.98,11.12,205.59,7515.79,6.65,0.11
271.,Metro Brands,944.45,63.36,25753.24,0.64,20.12,22.08,,22.08,43.73,12.91,14.92,817.98,1887.26,29.05,0.79
272.,KEI Industries,4500.00,43.23,43095.57,0.10,20.05,14.73,40.04,17.04,27.39,6.45,104.27,278.83,-342.93,22.95,0.04
273.,Pearl Global Ind,1137.05,33.43,10477.29,0.64,19.93,21.00,69.64,20.76,101.45,7.19,33.64,240.36,702.98,27.51,0.65
274.,Varun Beverages,409.60,40.94,138628.97,0.37,19.71,16.21,26.90,22.47,50.22,7.08,10.01,289.86,90.62,27.44,0.13
275.,Uno Minda,1161.50,54.83,67028.19,0.23,19.65,19.33,25.92,17.52,42.82,9.82,20.83,538.43,-749.72,25.26,0.40
276.,Sai Life,1541.50,89.02,32736.43,0.00,19.65,15.42,,9.40,42.23,13.14,17.12,1169.72,-9.62,23.61,0.12
277.,L G Balakrishnan,1707.00,17.03,5445.30,1.29,19.63,15.52,32.41,17.46,20.63,2.53,99.96,43.09,530.77,13.84,0.11
278.,K P R Mill Ltd,1121.00,41.99,38306.99,0.45,19.58,15.71,20.81,19.87,10.40,6.72,26.69,282.17,2014.91,13.52,0.10
279.,Indus Towers,379.00,13.99,100076.64,3.69,19.48,18.61,7.07,23.29,13.19,2.52,27.12,35.25,35297.80,18.42,0.53
280.,Usha Martin,482.75,27.01,14721.83,0.78,19.47,15.10,46.99,16.95,25.13,4.45,16.64,120.19,1102.92,11.97,0.07
281.,Park Medi World,279.15,43.45,12065.99,0.00,19.46,16.79,,24.08,10.77,5.96,6.64,258.96,747.90,17.00,0.18
282.,Transport Corp.,840.00,14.12,6445.55,1.19,19.45,19.22,14.58,19.97,23.66,2.51,59.49,35.44,604.42,11.90,0.12
283.,Avalon Tech,2160.70,107.98,14426.78,0.00,19.29,16.53,,13.47,39.23,19.99,20.01,2158.52,-78.54,18.35,0.30
284.,Jindal Stain.,723.10,18.13,59684.83,0.55,19.28,17.73,34.05,21.10,55.41,3.01,39.41,54.57,8529.71,28.65,0.38
285.,Safari Inds.,1531.85,45.50,7510.51,0.26,19.27,15.94,29.60,19.79,58.65,6.73,33.69,306.22,99.20,44.23,0.10
286.,Cera Sanitary.,5577.00,34.96,7214.20,1.35,19.25,14.83,4.84,17.56,15.78,4.88,157.37,170.60,655.35,11.27,0.03
287.,Astral,1381.85,62.72,37157.64,0.29,19.22,13.85,-2.87,16.78,5.80,9.14,21.43,573.26,1469.60,15.64,0.06
288.,Honasa Consumer,457.25,59.07,14913.79,0.66,19.22,15.71,,,16.57,10.54,7.64,622.60,418.86,39.06,0.10
289.,Godrej Agrovet,645.30,26.47,12418.14,1.70,19.16,20.89,-0.37,16.63,8.00,6.11,23.23,161.73,2312.66,10.30,0.77
290.,CEAT,3276.15,20.81,13244.18,1.07,19.15,16.14,19.62,11.58,10.16,2.62,145.79,54.52,1631.73,15.55,0.65
291.,ZF Commercial,2512.90,58.17,28590.33,0.16,19.08,14.36,15.53,13.40,40.53,7.77,42.67,451.98,936.17,16.83,0.01
292.,Crompton Gr. Con,226.15,32.08,14562.13,1.33,18.98,10.33,-14.34,16.69,-9.76,4.58,-3.54,146.93,2846.76,8.65,0.06
293.,Varroc Engineer,836.00,44.77,12780.27,0.18,18.98,15.13,22.46,-12.52,19.00,7.17,12.91,321.00,879.07,15.24,0.52
294.,Aeroflex,507.60,100.07,6719.49,0.08,18.92,14.07,,19.25,50.35,15.02,5.13,1503.05,-60.55,25.06,0.02
295.,Maruti Suzuki,12265.00,26.88,385304.03,1.14,18.87,14.26,12.03,13.63,26.73,3.60,455.91,96.77,23376.50,21.10,0.00
296.,Kusumgar,552.35,46.16,5806.86,0.00,18.84,18.57,,27.10,36.73,,8.68,,-77.14,28.55,0.49
297.,Wheels India,2123.40,31.73,5187.07,0.68,18.83,15.79,21.72,11.22,143.24,4.98,66.90,158.02,697.74,17.76,0.74
298.,Indegene,571.50,33.09,13775.99,0.39,18.82,14.41,,21.36,23.02,4.39,16.66,145.27,1899.13,29.44,0.05
299.,Marksans Pharma,316.05,27.81,14370.23,0.29,18.80,15.17,34.51,16.54,12.04,4.74,11.40,131.82,623.11,16.48,0.11
300.,Supreme Petroch.,788.45,30.26,14832.46,1.33,18.79,14.11,17.75,22.97,-7.40,6.25,25.67,189.13,852.29,10.88,0.05
301.,Ganesh Housing,742.95,23.39,6203.37,0.20,18.78,16.03,33.47,25.17,38.00,2.93,31.80,68.53,749.06,24.87,0.25
302.,Godrej Consumer,860.20,42.42,88065.42,2.32,18.75,16.08,-4.95,14.34,2.58,6.96,18.70,295.24,9368.98,6.60,0.35
303.,I O C L,132.20,5.54,186489.53,6.24,18.66,20.48,10.85,15.98,13.95,0.85,23.83,4.71,82426.37,16.60,0.60
304.,NESCO,1089.50,18.42,7672.79,0.64,18.54,14.84,12.68,15.39,19.33,2.56,59.12,47.16,201.34,26.21,0.09
305.,Gujarat Energy,243.56,11.68,22845.88,3.65,18.49,15.76,-16.27,17.88,10.76,0.91,23.69,10.63,5204.88,19.07,0.18
306.,Molbio Diagnosti,1356.80,62.48,15598.89,0.00,18.48,15.64,,,,,14.77,,,,0.38
307.,Redington,379.40,16.49,29664.29,1.58,18.39,16.86,21.16,17.51,15.87,2.92,21.76,48.15,-1233.70,15.91,0.28
308.,V-Guard Industri,321.70,36.99,14057.73,0.47,18.38,14.39,4.77,14.90,9.86,5.93,8.35,219.35,1063.21,17.00,0.07
309.,Allied Blenders,631.60,79.28,17684.67,0.85,18.38,14.29,,11.36,146.84,10.63,7.90,842.75,-314.21,10.81,0.69
310.,Indian Metals,1218.65,12.54,6575.64,1.02,18.37,16.77,27.48,18.76,21.73,2.42,97.18,30.35,492.07,8.91,0.35
311.,TBO Tek,1656.10,66.89,17993.94,0.00,18.33,17.37,,25.78,90.23,11.60,24.38,775.92,751.21,79.97,0.49
312.,Strides Pharma,1149.00,18.24,10566.54,0.43,18.32,19.99,31.75,30.80,20.07,3.41,66.56,62.20,1098.57,7.94,0.57
313.,Fineotex Chem,53.90,51.27,6272.32,0.24,18.30,13.48,31.64,20.57,20.62,7.11,1.06,364.53,80.02,28.72,0.01
314.,Kalpataru Proj.,1384.00,21.28,23645.62,0.80,18.28,13.70,26.99,10.78,13.35,3.04,66.55,64.69,2155.16,15.95,0.46
315.,AWL Agri Busine.,183.14,20.25,23785.60,0.55,18.28,10.67,,9.50,7.77,2.28,8.89,46.17,4305.78,15.04,0.11
316.,Timken India,3144.60,57.84,23667.97,0.08,18.26,13.69,13.16,17.57,22.70,7.95,54.41,459.83,467.61,19.37,0.00
317.,Linde India,6084.90,94.62,51927.47,0.07,18.23,13.74,17.66,13.82,30.00,12.28,64.35,1161.93,-107.99,11.46,0.02
318.,IFB Industries,1275.00,33.08,5168.89,0.00,18.22,14.47,1.80,7.41,16.60,5.20,36.04,172.02,486.63,14.79,0.15
319.,Marine Electric.,376.75,81.10,5272.41,0.08,18.22,13.22,58.34,11.23,35.83,10.70,4.60,867.77,-27.30,28.40,0.18
320.,Gallantt Ispat L,532.00,29.41,12820.90,0.37,18.16,15.63,48.86,12.23,42.67,3.87,18.06,113.82,681.74,34.42,0.17
321.,Guj. Themis Bio.,428.45,114.37,5567.12,0.16,18.10,17.41,45.59,29.08,9.12,16.22,4.47,1855.08,-117.11,12.86,0.56
322.,Garware Hi Tech,6568.00,39.30,15243.51,0.18,18.08,13.46,45.93,11.79,22.03,5.75,166.95,225.98,760.77,16.47,0.00
323.,Happy Forgings,2074.30,59.85,19593.70,0.19,18.03,15.03,,17.52,28.18,9.20,34.70,550.62,-84.80,21.46,0.15
324.,Piccadily Agro,587.15,41.16,5782.86,0.17,18.01,17.39,94.85,18.93,50.27,6.43,14.26,264.66,-302.25,15.43,0.59
325.,Choice Intl.,737.30,72.14,16445.87,0.00,17.96,16.13,90.77,17.78,67.05,9.83,10.44,709.14,-946.13,44.84,0.54
326.,Indigo Paints,1061.90,30.60,5066.17,0.47,17.94,13.42,-16.24,15.41,16.13,4.28,33.85,130.97,64.69,12.96,0.02
327.,Ratnamani Metals,2703.70,43.25,18972.70,0.37,17.91,12.63,13.41,16.93,12.14,4.61,61.76,199.38,730.98,14.35,0.08
328.,Wipro,169.85,12.72,168134.89,6.48,17.84,15.46,-12.63,16.35,4.05,2.03,12.79,25.82,66810.30,8.38,0.23
329.,Metropolis Healt,572.50,57.02,11868.62,0.35,17.81,13.63,-6.47,14.84,1.19,7.84,9.73,447.04,1113.46,10.52,0.15
330.,EPL Ltd,235.70,18.37,7548.23,1.06,17.80,15.73,-0.36,13.93,10.38,2.64,12.10,48.50,1167.50,9.03,0.34
331.,Endurance Tech.,2614.60,37.30,36721.11,0.44,17.80,14.87,9.98,13.46,12.36,5.38,68.95,200.67,1819.89,17.39,0.19
332.,Laurus Labs,1926.90,95.16,104041.43,0.10,17.76,18.30,24.28,14.85,-1.89,19.63,20.25,1867.99,651.35,7.19,0.48
333.,L T Foods,421.00,22.85,14627.69,0.71,17.74,14.94,44.02,16.62,17.99,3.23,18.44,73.81,1814.16,18.70,0.36
334.,Spectrum Electr.,3173.60,100.10,5004.83,0.00,17.69,19.87,123.43,14.85,48.58,20.67,31.82,2069.07,-126.37,27.24,0.89
335.,Mastek,1656.35,11.71,5134.96,1.45,17.67,15.28,-11.50,17.71,15.30,1.71,134.82,20.02,1646.07,16.52,0.15
336.,Sundram Fasten.,1233.35,41.68,25875.43,0.65,17.60,14.93,5.71,16.13,11.16,6.06,29.09,252.58,1130.10,11.53,0.15
337.,Omnitech Engg.,540.30,64.24,6678.64,0.00,17.56,17.98,,,,9.83,9.04,631.48,,,0.64
338.,Indraprastha Gas,150.15,15.45,21032.09,2.17,17.52,13.33,-12.07,18.11,4.86,1.83,9.72,28.27,3579.85,26.76,0.01
339.,Apollo Hospitals,8700.00,59.37,124894.76,0.23,17.45,21.15,12.29,16.95,76.23,13.20,145.32,783.68,3445.40,19.03,0.90
340.,Concord Biotech,1473.00,54.16,15400.25,0.51,17.43,12.57,,17.81,0.92,7.63,26.95,413.24,635.33,11.33,0.00
341.,Cello World,327.55,23.23,7383.07,0.46,17.41,13.19,,,17.43,2.68,14.09,62.26,373.69,17.23,0.01
342.,Natco Pharma,816.00,12.78,14619.84,0.61,17.39,17.07,-3.27,18.96,28.06,1.58,63.89,20.19,4065.40,14.72,0.08
343.,Global Health,1418.10,66.58,38119.48,0.04,17.37,15.17,,15.96,80.70,9.62,20.69,640.50,769.67,24.97,0.30
344.,General Insuranc,338.20,6.68,59308.35,3.92,17.35,14.64,18.09,12.86,37.15,0.80,50.59,5.34,22812.86,1.75,0.00
345.,Rainbow Child.,1453.70,51.60,14780.08,0.24,17.35,15.90,,19.28,44.04,8.96,28.10,462.34,771.70,21.24,0.54
346.,Saregama India,489.00,41.33,9432.12,0.92,17.29,12.67,4.85,13.24,13.02,5.57,11.51,230.21,68.80,17.38,0.04
347.,Oberoi Realty,1668.30,22.83,60441.06,0.48,17.28,14.55,16.69,14.10,27.13,3.39,72.32,77.39,1235.84,23.97,0.16
348.,Ceigall India,382.25,20.73,6667.74,0.13,17.26,15.71,,23.78,22.87,3.11,18.37,64.47,-1513.50,35.73,0.61
349.,FSN E-Commerce,336.20,363.12,96662.36,0.00,17.23,15.29,,5.89,27.74,66.94,0.89,24307.25,-74.87,32.64,0.86
350.,Adani Power,202.00,27.34,389773.59,0.00,17.22,21.07,59.27,33.42,58.41,6.00,7.39,164.04,30695.55,15.65,0.84
351.,Paras Defence,1339.20,116.91,10811.84,0.07,17.19,12.38,,10.31,40.02,14.88,11.72,1739.62,-44.41,27.16,0.04
352.,Avenue Super.,3680.00,78.49,240033.03,0.00,17.18,12.94,-2.06,13.65,21.98,9.81,46.95,769.99,-2169.74,23.31,0.10
353.,Mahanagar Gas,1071.70,14.68,10584.06,2.80,17.14,12.32,-1.82,18.17,4.12,1.65,72.99,24.22,1642.65,30.80,0.03
354.,Tube Investments,2525.00,77.95,48855.45,0.14,17.14,9.95,11.61,18.69,16.96,6.30,31.34,491.09,1206.44,30.30,0.10
355.,Aditya Vision,611.20,56.49,7916.04,0.20,17.08,18.71,45.73,24.52,42.22,11.47,10.77,647.94,-76.67,29.00,0.83
356.,Indian Hotels Co,715.40,52.45,101938.76,0.45,17.06,14.24,36.60,11.68,31.59,7.80,15.08,409.11,5456.49,43.81,0.22
357.,Gravita India,1651.60,31.13,12198.99,0.39,17.02,16.76,51.04,24.27,46.04,4.97,53.10,154.72,106.61,24.78,0.30
358.,Chalet Hotels,845.15,34.61,18527.30,0.24,17.01,19.03,35.52,10.88,46.46,5.01,24.13,173.40,1305.47,57.52,0.64
359.,Rashi Peripheral,797.35,16.60,5295.83,0.25,17.00,14.73,,15.95,16.32,2.59,48.41,42.99,-763.62,21.71,0.49
360.,Ipca Labs.,1932.00,35.67,48990.78,0.31,16.98,15.70,8.49,12.77,0.78,6.08,51.63,216.87,2307.24,12.21,0.10
361.,EID Parry,704.10,15.45,12543.78,0.00,16.96,7.85,9.60,12.00,6.51,1.43,26.13,22.09,3853.95,15.74,0.40
362.,Honeywell Auto,33427.10,52.93,29606.02,0.33,16.95,12.59,-4.76,13.60,3.07,6.63,623.31,350.93,1906.86,9.00,0.02
363.,Bliss GVS Pharma,686.35,52.92,7282.85,0.22,16.93,11.75,43.62,8.68,13.98,6.08,12.87,321.75,196.30,9.94,0.02
364.,Sarda Energy,500.75,15.70,17625.31,0.40,16.87,15.08,47.14,16.94,22.44,2.40,32.06,37.68,3402.40,20.95,0.36
365.,Affle 3i,1536.40,45.30,21641.79,0.00,16.84,13.79,9.53,15.78,27.54,5.92,33.95,268.18,1005.59,39.29,0.00
366.,Firstsour.Solu.,283.95,25.14,20067.95,1.94,16.80,17.63,6.96,16.24,10.36,4.58,9.49,115.14,3492.33,13.48,0.67
367.,NCC,137.30,11.93,8616.67,1.60,16.80,9.19,10.62,9.69,21.95,1.10,11.14,13.12,2310.38,21.24,0.44
368.,Syrma SGS Tech.,1507.70,78.31,29084.95,0.10,16.78,13.96,,10.71,36.26,10.16,19.10,795.63,-619.09,40.32,0.14
369.,Welspun Enterp,734.50,28.82,10211.30,0.41,16.74,13.62,50.15,12.24,24.13,3.34,22.08,96.26,-570.34,18.77,0.65
370.,Dodla Dairy,1080.30,26.55,6566.88,0.46,16.72,16.45,15.20,16.66,14.91,3.89,40.57,103.28,598.90,16.24,0.03
371.,Star Cement,184.93,19.75,7466.48,1.08,16.65,13.21,11.40,10.62,10.25,2.34,9.15,46.22,-538.69,17.03,0.19
372.,Alkyl Amines,1790.70,40.68,9160.71,0.56,16.64,12.27,-15.20,16.23,-9.46,5.97,44.03,242.86,383.52,4.33,0.00
373.,KEC International,406.80,18.04,10827.69,1.35,16.53,11.35,-1.01,9.69,3.57,1.76,20.80,31.75,-318.00,12.38,0.87
374.,Time Technoplast,177.20,17.85,8742.38,0.85,16.52,13.14,37.34,12.15,34.70,2.14,10.13,38.20,599.32,15.23,0.18
375.,Sun TV Network,464.65,11.60,18332.32,2.69,16.41,12.23,-1.58,16.92,0.34,1.45,38.80,16.82,4811.61,6.41,0.01
376.,Lodha Developers,1064.80,25.88,106782.07,0.40,16.41,15.48,15.98,12.63,58.41,4.57,41.30,118.27,8786.50,25.07,0.42
377.,Knowledge Marine,2730.50,53.44,6924.28,0.00,16.37,20.01,163.49,26.22,64.46,11.71,53.45,625.78,-94.90,50.42,0.39
378.,Technocraf.Inds.,3124.40,20.85,7080.40,0.64,16.34,15.30,29.39,17.20,18.95,3.51,149.78,73.18,319.23,16.34,0.41
379.,Novartis India,2189.55,55.25,5401.99,1.14,16.26,11.63,21.18,11.20,34.89,6.61,39.60,365.20,317.74,-1.46,0.00
380.,Man Industries,811.00,29.74,6076.96,0.00,16.21,9.23,48.27,8.90,11.25,2.92,27.24,86.84,394.09,11.37,0.30
381.,Zen Technologies,1638.25,81.40,14789.67,0.06,16.18,10.72,51.68,16.93,128.18,7.83,19.95,637.36,222.37,65.95,0.01
382.,Indiabulls,27.18,13.22,6400.14,0.00,16.17,23.06,-22.88,,36.58,2.05,1.87,27.10,-346.29,37.68,0.15
383.,Lloyds Engineeri,79.71,55.19,12345.18,0.31,16.10,15.10,97.69,,,6.67,1.74,368.12,,,0.06
384.,Vedanta,257.20,9.12,100327.88,13.22,16.08,38.15,18.11,28.35,7.62,2.02,50.32,18.42,104761.00,-2.28,0.66
385.,KRN Heat Exchan,1514.00,102.09,9897.06,0.00,16.06,14.26,,,,16.39,15.33,1673.26,,,0.33
386.,Intellect Design,662.85,25.12,9293.32,0.60,16.03,12.36,0.02,14.33,6.91,2.92,25.28,73.35,1131.35,15.20,0.05
387.,Finolex Cables,1339.60,25.61,20498.55,0.67,16.01,12.33,20.89,13.50,9.12,3.37,52.32,86.31,1174.13,17.96,0.00
388.,Steel Str. Wheel,341.00,23.94,5354.07,0.44,15.92,12.21,13.52,16.54,32.68,3.09,14.23,73.97,594.43,24.26,0.48
389.,CCL Products,1055.25,32.61,14102.93,0.54,15.85,18.04,21.42,17.74,16.37,6.01,32.39,195.99,-30.31,29.11,0.56
390.,Latent View,252.90,26.77,5232.10,0.00,15.85,11.90,,12.53,16.62,2.98,9.45,79.77,543.21,28.22,0.02
391.,GE Shipping Co,1377.50,5.25,19683.60,2.54,15.79,15.93,30.37,17.01,24.39,1.16,262.45,6.09,9807.08,10.15,0.06
392.,Blue Dart Expres,4827.70,35.30,11445.59,0.52,15.77,15.69,-5.65,24.98,17.69,6.45,120.98,227.69,2407.29,13.31,0.64
393.,MRF,126500.00,21.74,53586.89,0.19,15.73,12.51,9.48,9.61,14.10,2.55,5700.97,55.44,2057.00,14.02,0.15
394.,Powerica Ltd,532.75,23.99,6745.01,0.00,15.69,17.38,,14.80,80.16,,24.47,,344.44,27.60,0.29
395.,UTI AMC,911.10,21.96,11727.32,4.39,15.57,10.33,-4.95,14.44,-1.00,2.60,35.90,57.10,1738.76,7.84,0.03
396.,Granules India,875.20,33.35,21678.84,0.20,15.51,13.75,21.25,15.08,1.93,4.26,26.97,142.07,859.33,10.63,0.30
397.,JK Tyre & Indust,346.00,13.86,9966.37,1.16,15.51,15.99,17.53,13.61,24.41,1.64,23.19,22.73,1915.59,12.40,0.81
398.,Cipla,1361.00,30.75,110030.08,0.95,15.49,11.60,7.21,14.46,9.94,3.19,41.73,98.09,11984.35,8.01,0.02
399.,Suprajit Engg.,479.35,34.93,6562.27,0.73,15.49,13.12,8.05,11.24,4.55,4.57,13.62,159.63,562.99,18.44,0.69
400.,FDC,350.35,18.55,5714.09,1.43,15.35,11.23,-0.88,11.62,-1.14,2.29,17.97,42.48,499.62,10.28,0.01
401.,Nephrocare Health Services,734.95,86.70,7379.01,0.00,15.34,8.83,,5.88,161.72,6.61,4.19,573.09,13.45,28.44,0.07
402.,Hatsun Agro,1255.75,76.66,28008.22,0.79,15.19,19.19,-2.16,17.14,7.35,14.39,16.40,1103.14,1787.83,12.40,0.95
403.,Vishal Mega Mart,100.10,52.69,46991.96,0.00,15.18,12.17,,8.71,47.95,6.31,1.91,332.47,3937.16,23.72,0.27
404.,KRBL,395.90,11.96,9070.37,1.13,15.16,11.73,7.92,12.20,3.00,1.57,33.13,18.78,1974.53,8.84,0.03
405.,Techno Elec.Engg,950.60,21.47,11051.46,0.74,15.16,12.63,27.37,12.56,20.23,2.63,44.26,56.47,173.58,29.77,0.01
406.,MTAR Technologie,6947.00,155.42,21337.17,0.00,15.15,12.55,37.15,11.43,16.22,25.88,43.76,4022.27,-186.41,28.88,0.46
407.,Senores Pharma.,1416.10,51.60,6520.98,0.00,15.13,13.42,,13.79,,6.99,27.44,360.68,-552.97,,0.37
408.,Gland Pharma,2895.50,41.68,47759.56,0.69,15.11,10.68,-6.46,11.04,0.89,4.61,68.49,192.14,2067.80,13.18,0.03
409.,Sona BLW Precis.,790.00,63.34,49246.77,0.43,15.11,11.67,6.18,15.40,23.67,8.41,12.00,532.69,1142.69,24.12,0.06
410.,J K Cements,4705.00,37.24,36370.49,0.42,15.10,15.61,6.49,14.54,6.72,5.16,122.37,192.16,-217.94,15.74,0.88
411.,Adani Total Gas,580.15,104.99,63805.48,0.04,15.09,14.06,-16.56,17.99,5.60,13.23,5.53,1389.02,88.63,28.16,0.47
